prov,age
آذربايجان شرقي,32.4
آذربايجان غربی,30.2
اردبیل,31.2
اصفهان,32.8
البرز,32.1
ایلام,30.7
بوشهر,28.8
تهران,33.2
چهارمحال و بختیاری,30
خراسان جنوبی,29.5
خراسان رضوی,29.7
خراسان شمالی,29.5
خوزستان,28.7
زنجان,31.2
سمنان,31.9
سیستان و بلوچستان,23.5
فارس,31.5
قزوین,31.3
قم,29.6
کردستان,30.9
کرمان,29
کرمانشاه,32.1
کهگیلویه و بویراحمد,28.6
گلستان,29.6
گیلان,35.5
لرستان,30.5
مازندران,34
مرکزی,32.7
هرمزگان,27.1
همدان,32.3
یزد,29.9
